INSERT INTO EPS (nombre,direccion,telefonos,web,regimen)
VALUES('Compensar EPS','Av. El Dorado No. 55B-48',5714285088,'www.compensar.com','Contributivo');

INSERT INTO EPS (nombre,direccion,telefonos,web,regimen)
VALUES('Famisanar LTDA','Calle 78 No. 13A-07',5716500200,'www.famisanar.com.co','Contributivo');

INSERT INTO EPS (nombre,direccion,telefonos,web,regimen)
VALUES('Colmédica','Cra. 8 No. 38-31',5717568000,'www.colmedica.com','Contributivo');

INSERT INTO EPS (nombre,direccion,telefonos,web,regimen)
VALUES('Humana Vivir','Clle 26 No 82–54',5717462040,'www.humanavivir.com.co','Contributivo');

INSERT INTO EPS (nombre,direccion,telefonos,web,regimen)
VALUES('Salud Coop','Autopista Norte 94-10',5716511000,'www.saludcoopeps.com.co','Contributivo');

INSERT INTO EPS (nombre,direccion,telefonos,web,regimen)
VALUES('Coomeva','Avenida 68 No. 17-12',5712184706,'www.eps.coomeva.com.co','Contributivo');

INSERT INTO EPS (nombre,direccion,telefonos,web,regimen)
VALUES('Cruz Blanca','Autopista Norte No. 94-10',5716446100,'','Contributivo');

INSERT INTO EPS (nombre,direccion,telefonos,web,regimen)
VALUES('Saludvida','Calle 40a No. 13-06',5713274141,'www.saludvidaeps.com','Contributivo');

INSERT INTO EPS (nombre,direccion,telefonos,web,regimen)
VALUES('Red Salud','Calle 100 No. 19-61 piso 8',5716353538,'www.redsaludeps.com','Contributivo');

INSERT INTO EPS (nombre,direccion,telefonos,web,regimen)
VALUES('Salud Colpatria','Avenida 19 No. 114-65',5714235757,'www.colpatria.com','Contributivo');

INSERT INTO EPS (nombre,direccion,telefonos,web,regimen)
VALUES('Salud Total','Calle 100 No. 61-18',5714854555,'www.saludtotal.com.co','Contributivo');

INSERT INTO EPS (nombre,direccion,telefonos,web,regimen)
VALUES('Solsalud','Avenida 39 No. 13-70',5712320117,'www.solsalud.com.co','Contributivo');

INSERT INTO EPS (nombre,direccion,telefonos,web,regimen)
VALUES('Sanitas','Calle 22B No. 66-46',5713759000,'www.colsanitas.com','Contributivo');

INSERT INTO EPS (nombre,direccion,telefonos,web,regimen)
VALUES('Cafesalud','Autopista norte No. 91-Esquina',5716510777,'www.saludcoopeps.com.co','Contributivo');

INSERT INTO EPS (nombre,direccion,telefonos,web,regimen)
VALUES('SOS','Av Las Américas N° 23 N-55',5714898686,'www.sos.com.co','Contributivo');

INSERT INTO EPS (nombre,direccion,telefonos,web,regimen)
VALUES('Golden Group S.A.','Carrera 11A # 98–50 Piso 3',5716910953,'www.epsgoldengroup.com','Contributivo');

INSERT INTO EPS (nombre,direccion,telefonos,web,regimen)
VALUES('Unicajas','Calle 53 No. 10-39 piso 6',5713481068,'www.comfacundi.com.co','Subsidiado');

INSERT INTO EPS (nombre,direccion,telefonos,web,regimen)
VALUES('Ecoopsos','1 B No 13-02 Candelaria',5717164956,'www.ecoopsos.com.co','Subsidiado');

INSERT INTO EPS (nombre,direccion,telefonos,web,regimen)
VALUES('Caprecom','Cra 69 No. 47-34',5712943333,'www.caprecom.gov.co','Subsidiado');

INSERT INTO EPS (nombre,direccion,telefonos,web,regimen)
VALUES('Colsubsidio','Cra. 17 No. 36-74',5712878710,'www.colsubsidio.com','Subsidiado');

INSERT INTO EPS (nombre,direccion,telefonos,web,regimen)
VALUES('Salud Condor','Calle 58a No. 34-38',5715481957,'www.saludcondor.com.co','Subsidiado');

--Consultorios

INSERT INTO CONSULTORIOS (especialidad, consultorio)
VALUES ('Medicina General','G101');
INSERT INTO CONSULTORIOS (especialidad, consultorio)
VALUES ('Medicina General','G102');
INSERT INTO CONSULTORIOS (especialidad, consultorio)
VALUES ('Medicina General','G103');
INSERT INTO CONSULTORIOS (especialidad, consultorio)
VALUES ('Medicina General','G207');
INSERT INTO CONSULTORIOS (especialidad, consultorio)
VALUES ('Medicina General','G209');

INSERT INTO CONSULTORIOS (especialidad, consultorio)
VALUES('Ginecología','G104');
INSERT INTO CONSULTORIOS (especialidad, consultorio)
VALUES('Ginecología','G105');
INSERT INTO CONSULTORIOS (especialidad, consultorio)
VALUES('Ginecología','G204');
INSERT INTO CONSULTORIOS (especialidad, consultorio)
VALUES('Ginecología','G205');
INSERT INTO CONSULTORIOS (especialidad, consultorio)
VALUES('Ginecología','G206'); 

INSERT INTO CONSULTORIOS (especialidad, consultorio)
VALUES('Traumatología','T106');
INSERT INTO CONSULTORIOS (especialidad, consultorio)
VALUES('Traumatología','T107');
INSERT INTO CONSULTORIOS (especialidad, consultorio)
VALUES('Traumatología','T208');
INSERT INTO CONSULTORIOS (especialidad, consultorio)
VALUES('Traumatología','T210');

INSERT INTO CONSULTORIOS (especialidad, consultorio)
VALUES('Pediatría','P108');
INSERT INTO CONSULTORIOS (especialidad, consultorio)
VALUES('Pediatría','P109');
INSERT INTO CONSULTORIOS (especialidad, consultorio)
VALUES('Pediatría','P110');
INSERT INTO CONSULTORIOS (especialidad, consultorio)
VALUES('Pediatría','P201');
INSERT INTO CONSULTORIOS (especialidad, consultorio)
VALUES('Pediatría','P309'); 

--Medicos

INSERT INTO MEDICOS (nombre,cedula,sueldo,direccion,telefono,celular,fecha_nacimiento,fecha_grado,fecha_ingreso,especialidad)
VALUES ('DORIS DUQUE PINEDA','00022139246',1320000,'Cr 12 No. 123 - 54',5716537462,3002113456,'23/02/1945','11/12/2000','11/12/2003','Ginecología');

INSERT INTO MEDICOS (nombre,cedula,sueldo,direccion,telefono,celular,fecha_nacimiento,fecha_grado,fecha_ingreso,especialidad)
VALUES ('FATIMA MAZO JARAMILLO','43055231',1500000,'Cr 122 No. 10 - 48',5716535672,3112219956,'23/02/1970','11/12/2007','21/01/2012','Ginecología');

INSERT INTO MEDICOS (nombre,cedula,sueldo,direccion,telefono,celular,fecha_nacimiento,fecha_grado,fecha_ingreso,especialidad)
VALUES ('MARIA VIRGELLINA BUSTAMANTE','3550661',2100000,'Cr 112 No. 83 - 84',5716899462,3117564026,'30/05/1960','11/02/1999','11/12/2001','Traumatología');

INSERT INTO MEDICOS (nombre,cedula,sueldo,direccion,telefono,celular,fecha_nacimiento,fecha_grado,fecha_ingreso,especialidad)
VALUES ('JAIME DE JESUS MADRID','22187842',4100000,'Cr 152 No. 27 - 79',5712117462,3118764056,'22/10/1980','11/12/2001','11/12/2002','Medicina General');

INSERT INTO MEDICOS (nombre,cedula,sueldo,direccion,telefono,celular,fecha_nacimiento,fecha_grado,fecha_ingreso,especialidad)
VALUES ('ORLANDO ZAPATA','70876033',1200000,'Cr 182 No. 18 - 47',5716787462,3109098456,'12/02/1979','10/03/1997','11/12/1998','Traumatología');

INSERT INTO MEDICOS (nombre,cedula,sueldo,direccion,telefono,celular,fecha_nacimiento,fecha_grado,fecha_ingreso,especialidad)
VALUES ('LUIS ARTURO ESTRADA','43523751',1820000,'Cr 192 No. 18 - 59',5716545162,3153094656,'11/09/1983','22/02/2007','11/12/2011','Traumatología');

INSERT INTO MEDICOS (nombre,cedula,sueldo,direccion,telefono,celular,fecha_nacimiento,fecha_grado,fecha_ingreso,especialidad)
VALUES ('BEATRIZ ESPINOSA','1241818',2150000,'Cr 2 No. 37 - 45',5717807462,3012000256,'16/08/1955','03/01/2008','11/12/2013','Pediatría');

INSERT INTO MEDICOS (nombre,cedula,sueldo,direccion,telefono,celular,fecha_nacimiento,fecha_grado,fecha_ingreso,especialidad)
VALUES ('LUIS EDUARDO SUAREZ','71678440',3300000,'Cr 62 No. 12 - 53',5715417462,3122119986,'14/05/1981','29/12/2000','11/12/2004','Pediatría');

INSERT INTO MEDICOS (nombre,cedula,sueldo,direccion,telefono,celular,fecha_nacimiento,fecha_grado,fecha_ingreso,especialidad)
VALUES ('CLAUDIA PATRICIA VELEZ','3303796',3240000,'Cr 72 No. 23 - 34',5714057462,3163343456,'11/07/1962','13/08/2001','11/12/2003','Pediatría');

INSERT INTO MEDICOS (nombre,cedula,sueldo,direccion,telefono,celular,fecha_nacimiento,fecha_grado,fecha_ingreso,especialidad)
VALUES ('JAIME DE JESUS MADRID','211878642',4250000,'Cr 28 No. 13 - 35',5716003462,3122673456,'13/11/1977','15/07/1996','11/12/2000','Medicina General');
--Didier

INSERT INTO MEDICOS (nombre,cedula,sueldo,direccion,telefono,celular,fecha_nacimiento,fecha_grado,fecha_ingreso,especialidad)
VALUES ('DORIS DUQUE PINEDA','22139476',1320000,'Cr 12 No. 123 - 54',5716537462,3002113456,'23/02/1945','11/12/2000','11/12/2003','Ginecología');

INSERT INTO MEDICOS (nombre,cedula,sueldo,direccion,telefono,celular,fecha_nacimiento,fecha_grado,fecha_ingreso,especialidad)
VALUES ('CAMILA PINEDA','12219246',1220000,'Cr 12 No. 123 - 54',5716537462,3002113456,'23/02/1945','11/12/2000','11/12/2003','Ginecología');

INSERT INTO MEDICOS (nombre,cedula,sueldo,direccion,telefono,celular,fecha_nacimiento,fecha_grado,fecha_ingreso,especialidad)
VALUES ('MARIA VIRGELLINA BUSTAMANTE','783550661',2100000,'Cr 112 No. 83 - 84',5716899462,3117564026,'30/05/1960','11/02/1999','11/12/2001','Traumatología');

INSERT INTO MEDICOS (nombre,cedula,sueldo,direccion,telefono,celular,fecha_nacimiento,fecha_grado,fecha_ingreso,especialidad)
VALUES ('MARIA BUSTOS','3510661',2100000,'Cr 112 No. 83 - 84',5716899462,3117564026,'30/05/1960','11/02/1999','11/12/2001','Traumatología');

INSERT INTO MEDICOS (nombre,cedula,sueldo,direccion,telefono,celular,fecha_nacimiento,fecha_grado,fecha_ingreso,especialidad)
VALUES ('BEATRIZ ESPINOSA','12418186',2150000,'Cr 2 No. 37 - 45',5717807462,3012000256,'16/08/1955','03/01/2008','11/12/2013','Pediatría');

INSERT INTO MEDICOS (nombre,cedula,sueldo,direccion,telefono,celular,fecha_nacimiento,fecha_grado,fecha_ingreso,especialidad)
VALUES ('MARIA ESPINOSA','21241818',2150000,'Cr 2 No. 37 - 45',5717807462,3012000256,'16/08/1955','03/01/2008','11/12/2013','Pediatría');

INSERT INTO MEDICOS (nombre,cedula,sueldo,direccion,telefono,celular,fecha_nacimiento,fecha_grado,fecha_ingreso,especialidad)
VALUES ('CLAUDIA PATRICIA VELEZ','338503796',3240000,'Cr 72 No. 23 - 34',5714057462,3163343456,'11/07/1962','13/08/2001','11/12/2003','Pediatría');

INSERT INTO MEDICOS (nombre,cedula,sueldo,direccion,telefono,celular,fecha_nacimiento,fecha_grado,fecha_ingreso,especialidad)
VALUES ('CLAUDIA PATRICIA CASTILLO','3103796',3240000,'Cr 72 No. 23 - 34',5714057462,3163343456,'11/07/1962','13/08/2001','11/12/2003','Traumatología');

INSERT INTO MEDICOS (nombre,cedula,sueldo,direccion,telefono,celular,fecha_nacimiento,fecha_grado,fecha_ingreso,especialidad)
VALUES ('JAIME DE JESUS MADRID','2218785842',4250000,'Cr 28 No. 13 - 35',5716003462,3122673456,'13/11/1977','15/07/1996','11/12/2000','Medicina General');

INSERT INTO MEDICOS (nombre,cedula,sueldo,direccion,telefono,celular,fecha_nacimiento,fecha_grado,fecha_ingreso,especialidad)
VALUES ('JAIME DE JESUS MOSQUERA','122187842',4250000,'Cr 28 No. 13 - 35',5716003462,3122673456,'13/11/1977','15/07/1996','11/12/2000','Medicina General');

--PACIENTES--

INSERT INTO PACIENTES (cedula,nombre,telefono,celular,direccion,fecha_nacimiento,EPS)
VALUES ('70546881', 'LUCIO PEREZ MUÑOZ',5712138432,3123124562,'Cr 2 No.4-44','10/11/1977','Compensar EPS');

INSERT INTO PACIENTES (cedula,nombre,telefono,celular,direccion,fecha_nacimiento,EPS)
VALUES ('39168186', 'BLANCA CECILIA HENAO',5714325433,3104132567,'Cr 232 No.2-44','10/11/1977','Famisanar LTDA');

INSERT INTO PACIENTES (cedula,nombre,telefono,celular,direccion,fecha_nacimiento,EPS)
VALUES ('71622458', 'GUILLERMO LEON QUIROZ',5712345433,3003214647,'Cr 3 No.42-24','10/11/1977','Colmédica');

INSERT INTO PACIENTES (cedula,nombre,telefono,celular,direccion,fecha_nacimiento,EPS)
VALUES ('70191308', 'FRANCISCO JAVIER PEÑA',5713423543,3108456321,'Cr 23 No.42-44','10/11/1977','Humana Vivir');

INSERT INTO PACIENTES (cedula,nombre,telefono,celular,direccion,fecha_nacimiento,EPS)
VALUES ('15501028', 'ALFREDO CASTAÑO',5714325235,3004365657,'Cr 43 No.42-41','10/11/1977','Salud Coop');

INSERT INTO PACIENTES (cedula,nombre,telefono,celular,direccion,fecha_nacimiento,EPS)
VALUES ('39207688', 'ALBA IRENE CARO',5718739843,3018243566,'Cr 13 No.12-44','10/11/1977','Coomeva');

INSERT INTO PACIENTES (cedula,nombre,telefono,celular,direccion,fecha_nacimiento,EPS)
VALUES ('64880516', 'JOSE LEONEL JIMENEZ',5713254243,3015486549,'Cr 20 No.2-40','10/11/1977','Cruz Blanca');

INSERT INTO PACIENTES (cedula,nombre,telefono,celular,direccion,fecha_nacimiento,EPS)
VALUES ('22010611', 'SENOBIA RIVERA',5712567547,3125485697,'Cr 22 No.22-24','10/11/1977','Saludvida');

INSERT INTO PACIENTES (cedula,nombre,telefono,celular,direccion,fecha_nacimiento,EPS)
VALUES ('42690452', 'CRISTINA INES HERNANDEZ',5714575563,3116435642,'Cr 11 No.21-44','10/11/1977','Red Salud');

INSERT INTO PACIENTES (cedula,nombre,telefono,celular,direccion,fecha_nacimiento,EPS)
VALUES ('21658273', 'LILA MARGARITA JARAMILLO',5715643789,3007055432,'Cr 55 No.62-84','10/11/1977','Salud Colpatria');

INSERT INTO PACIENTES (cedula,nombre,telefono,celular,direccion,fecha_nacimiento,EPS)
VALUES ('70120491', 'ELIECER MORALES',5718642180,3115548896,'Cr 33 No.32-35','10/11/1977','Salud Total');

INSERT INTO PACIENTES (cedula,nombre,telefono,celular,direccion,fecha_nacimiento,EPS)
VALUES ('83947325', 'RUBEN DARIO RESTREPO',5717634579,3014567777,'Cr 29 No.92-49','10/11/1977','Solsalud');

INSERT INTO PACIENTES (cedula,nombre,telefono,celular,direccion,fecha_nacimiento,EPS)
VALUES ('21369880', 'MARIA ERMINIA ARDILA',5717145676,3159065456,'Cr 93 No.62-34','10/11/1977','Sanitas');

INSERT INTO PACIENTES (cedula,nombre,telefono,celular,direccion,fecha_nacimiento,EPS)
VALUES ('71577449', 'MIGUEL FERNANDO SALAZAR',5715677874,3159065433,'Cr 13 No.52-74','10/11/1977','Cafesalud');

INSERT INTO PACIENTES (cedula,nombre,telefono,celular,direccion,fecha_nacimiento,EPS)
VALUES ('71383956', 'OSCAR DAVID RIOS',5716742765,3169500595,'Cr 13 No.32-11','10/11/1977','Solsalud');

INSERT INTO PACIENTES (cedula,nombre,telefono,celular,direccion,fecha_nacimiento,EPS)
VALUES ('43010404', 'MARTA CECILIA ESTRADA',5718876547,3154566565,'Cr 223 No.4-11','10/11/1977','Salud Colpatria');

INSERT INTO PACIENTES (cedula,nombre,telefono,celular,direccion,fecha_nacimiento,EPS)
VALUES ('42970764', 'GLORIA ESTELLA OSPINA',5717452365,3108765445,'Cr 63 No.46-64','10/11/1977','Cruz Blanca');

INSERT INTO PACIENTES (cedula,nombre,telefono,celular,direccion,fecha_nacimiento,EPS)
VALUES ('32502450', 'ANA EVA OCAMPO',5717674276,3128765634,'Cr 66 No.62-64','10/11/1977','Cruz Blanca');

INSERT INTO PACIENTES (cedula,nombre,telefono,celular,direccion,fecha_nacimiento,EPS)
VALUES ('22090184', 'MARIA MARTA MEJIA',5718676345,3115776543,'Cr 24 No.24-44','10/11/1977','Coomeva');

INSERT INTO PACIENTES (cedula,nombre,telefono,celular,direccion,fecha_nacimiento,EPS)
VALUES ('22054669', 'BERTALINA GONZALEZ',5717245764,3005435566,'Cr 11 No.21-14','10/11/1977','Compensar EPS');

INSERT INTO PACIENTES (cedula,nombre,telefono,celular,direccion,fecha_nacimiento,EPS)
VALUES ('22024760', 'SILVIA RINCON',5718764675,3015454446,'Cr 73 No.47-77','10/11/1977','Coomeva');

--Otro

insert into PACIENTES (cedula,nombre,telefono,celular,direccion,fecha_nacimiento,EPS)
values('37575534','lorena duran',5715624812,3105482648,'carrera arrabal 89','08/04/1962','Compensar EPS');

insert into PACIENTES (cedula,nombre,telefono,celular,direccion,fecha_nacimiento,EPS)
values('8193465','james miron',5717558245,3104583242,'calle 45','04/06/2001','Colmédica');

insert into PACIENTES (cedula,nombre,telefono,celular,direccion,fecha_nacimiento,EPS)
values('2345755','cristian pedrea',5716453578,3124567253,'carrera 34','02/10/1950','Famisanar LTDA');

insert into PACIENTES (cedula,nombre,telefono,celular,direccion,fecha_nacimiento,EPS)
values('4573883','Omar Alonso',5712375681,3114689354,'calle gaitan 87','12/12/1980','Ecoopsos');

insert into PACIENTES (cedula,nombre,telefono,celular,direccion,fecha_nacimiento,EPS)
values('373650065','daniel chaves',5716573429,3156893452,'calle nqs 45','11/07/1993','Humana Vivir');

insert into PACIENTES (cedula,nombre,telefono,celular,direccion,fecha_nacimiento,EPS)
values('739483','andrea ruiz',5713465978,3102546973,'calle garcia 56','04/09/1986','Salud Coop');

insert into PACIENTES (cedula,nombre,telefono,celular,direccion,fecha_nacimiento,EPS)
values('157546','juan lozano',5712216200,3124568369,'calle 321','10/04/1976','Cruz Blanca');

insert into PACIENTES (cedula,nombre,telefono,celular,direccion,fecha_nacimiento,EPS)
values('24320002','maria fuentes',5716345879,3163692468,'carrera 26 no 33 9','04/06/1993','Cafesalud');

insert into PACIENTES (cedula,nombre,telefono,celular,direccion,fecha_nacimiento,EPS)
values('3550011','dayana bejarano',5713458621,3006483294,'calle 54 n 45 4','02/11/1982','Red Salud');

insert into PACIENTES (cedula,nombre,telefono,celular,direccion,fecha_nacimiento,EPS)
values('853274','javier cepeda',5713549576,3106548354,'avenida manzanares 23','04/09/1994','Salud Colpatria');

insert into PACIENTES (cedula,nombre,telefono,celular,direccion,fecha_nacimiento,EPS)
values('346008','maira gomez',5713462519,3102468591,'carrera martires 14','04/12/1974','SOS');

insert into PACIENTES (cedula,nombre,telefono,celular,direccion,fecha_nacimiento,EPS)
values('16341023','camilo barba',5714596783,3162498372,'carrera 93 98 22','09/02/1994','Solsalud');

insert into PACIENTES (cedula,nombre,telefono,celular,direccion,fecha_nacimiento,EPS)
values('3634883','david roncancio',5712486573,3155642983,'carrera chile no 98 22','07/04/2001','Golden Group S.A');

insert into PACIENTES (cedula,nombre,telefono,celular,direccion,fecha_nacimiento,EPS)
values('4632848','andrea gonzales',5712486975,3168594527,'carrera 223 no 7 23','10/09/2007','Unicajas ');

insert into PACIENTES (cedula,nombre,telefono,celular,direccion,fecha_nacimiento,EPS)
values('16342002','maria frias',5712468593,3112485922,'calle 67 no 53 23','04/07/1983','Humanavivir');

insert into PACIENTES (cedula,nombre,telefono,celular,direccion,fecha_nacimiento,EPS)
values('81633765','vanesa restrepo',5718642935,3116896452,'calle 45 no 30 67','06/12/2006','Caprecom');

insert into PACIENTES (cedula,nombre,telefono,celular,direccion,fecha_nacimiento,EPS)
values('6527865','daniel franco',5714693875,3106895742,'calle notu 35','08/11/1977','Colsubsidio');

insert into PACIENTES (cedula,nombre,telefono,celular,direccion,fecha_nacimiento,EPS)
values('8235457','camilo tellez',5712468953,3112456974,'carrera 58 no 98 24','01/01/2001','Salud Total');

insert into PACIENTES (cedula,nombre,telefono,celular,direccion,fecha_nacimiento,EPS)
values ('83538567','kelly gutierrez',5713468954,3125672016,'carrera 6 no 99 55','03/10/1999','Solsalud');

insert into PACIENTES (cedula,nombre,telefono,celular,direccion,fecha_nacimiento,EPS)
values('954976','rosa ogdulio',5716945320,3005379564,'calle el salvador 233','03/05/2006','Salud Condor');

--Didier
INSERT INTO PACIENTES (cedula,nombre,telefono,celular,direccion,fecha_nacimiento,EPS)
VALUES ('39176186', 'BLANCA CECILIA HENAO',5714325433,3104132567,'Cr 232 No.2-44','02/05/2001','Famisanar LTDA');

INSERT INTO PACIENTES (cedula,nombre,telefono,celular,direccion,fecha_nacimiento,EPS)
VALUES ('7722458', 'GUILLERMO LEON QUIROZ',5712345433,3003214647,'Cr 3 No.42-24','02/03/2001','Colmédica');

INSERT INTO PACIENTES (cedula,nombre,telefono,celular,direccion,fecha_nacimiento,EPS)
VALUES ('744191308', 'FRANCISCO JAVIER PEÑA',5713423543,3108456321,'Cr 23 No.42-44','02/03/2001','Humana Vivir');

INSERT INTO PACIENTES (cedula,nombre,telefono,celular,direccion,fecha_nacimiento,EPS)
VALUES ('35607688', 'ALBA IRENE CARO',5718739843,3018243566,'Cr 13 No.12-44','02/05/2001','Coomeva');

INSERT INTO PACIENTES (cedula,nombre,telefono,celular,direccion,fecha_nacimiento,EPS)
VALUES ('22078611', 'SENOBIA RIVERA',5712567547,3125485697,'Cr 22 No.22-24','02/05/2001','Saludvida');

INSERT INTO PACIENTES (cedula,nombre,telefono,celular,direccion,fecha_nacimiento,EPS)
VALUES ('21674273', 'LILA MARGARITA JARAMILLO',5715643789,3007055432,'Cr 55 No.62-84','02/05/2001','Salud Colpatria');

INSERT INTO PACIENTES (cedula,nombre,telefono,celular,direccion,fecha_nacimiento,EPS)
VALUES ('70876491', 'ELIECER MORALES',5718642180,3115548896,'Cr 33 No.32-35','02/03/2001','Salud Total');

INSERT INTO PACIENTES (cedula,nombre,telefono,celular,direccion,fecha_nacimiento,EPS)
VALUES ('83344325', 'RUBEN DARIO RESTREPO',5717634579,3014567777,'Cr 29 No.92-49','02/03/2001','Solsalud');
INSERT INTO PACIENTES (cedula,nombre,telefono,celular,direccion,fecha_nacimiento,EPS)
VALUES ('71388096', 'OSCAR DAVID RIOS',5716742765,3169500595,'Cr 13 No.32-11','02/03/2001','Solsalud');

INSERT INTO PACIENTES (cedula,nombre,telefono,celular,direccion,fecha_nacimiento,EPS)
VALUES ('43067874', 'MARTA CECILIA ESTRADA',5718876547,3154566565,'Cr 223 No.4-11','02/05/2001','Salud Colpatria');

INSERT INTO PACIENTES (cedula,nombre,telefono,celular,direccion,fecha_nacimiento,EPS)
VALUES ('42970534', 'GLORIA ESTELLA OSPINA',5717452365,3108765445,'Cr 63 No.46-64','02/05/2001','Cruz Blanca');

--Camilo

INSERT INTO PACIENTES (nombre,cedula,telefono,celular,direccion,fecha_nacimiento,EPS)  
VALUES ( 'PABLO PEREZ HURTADO','80146881',5713294432,3156745612,'Cr 22 No.44-4','01/04/1980','Compensar EPS');

INSERT INTO PACIENTES (nombre,cedula,telefono,celular,direccion,fecha_nacimiento,EPS)
VALUES ( 'PEDRO NAUSA RUIZ','20346881',5712219832,3116783562,'Cll 2 No.4-44','02/03/1985','Famisanar Ltda.');

INSERT INTO PACIENTES (nombre,cedula,telefono,celular,direccion,fecha_nacimiento,EPS)
VALUES ( 'LUIS HURTADO HERNANDEZ','45676881',5712789322,3013453562,'Cr 67 No.45-41','03/03/1970','Colmedica');

INSERT INTO PACIENTES (nombre,cedula,telefono,celular,direccion,fecha_nacimiento,EPS)
VALUES ('ANDRES OVIEDO REYES','7034598',5712148922,3129802562,'cll 26 No.98-30','04/08/1978','Humana vivir');

INSERT INTO PACIENTES (nombre,cedula,telefono,celular,direccion,fecha_nacimiento,EPS)
VALUES ( 'ANTONIO LOPEZ HERNANDEZ','23946881',5713456782,3123904562,'Cr 40 No.98-02','05/06/1985','Saludcoop');

INSERT INTO PACIENTES (nombre,cedula,telefono,celular,direccion,fecha_nacimiento,EPS)
VALUES ( 'PEDRO AVELLANEDA NAUSA','10258311',5715646782,3115798562,'Cr 90 No.45-28','01/09/1993','Caprecom');

INSERT INTO PACIENTES (nombre,cedula,telefono,celular,direccion,fecha_nacimiento,EPS)
VALUES ( 'EDWIN MUÑOZ ALVAREZ','90345881',5712134232,3023124562,'Cr 104 No.8-25','06/04/1995','Compensar EPS');

INSERT INTO PACIENTES (nombre,cedula,telefono,celular,direccion,fecha_nacimiento,EPS)
VALUES ( 'LORENA LEON RODRIGUEZ','67346881',5713988432,3013124562,'Cll 176 No.34-10','07/04/1990','Famisanar Ltda.');

INSERT INTO PACIENTES (nombre,cedula,telefono,celular,direccion,fecha_nacimiento,EPS)
VALUES ( 'DANIEL OVIEDO GARCIA','23846532',5718768432,3103124562,'Cr 85 No.7-44','10/08/1990','Colmedica');

INSERT INTO PACIENTES (nombre,cedula,telefono,celular,direccion,fecha_nacimiento,EPS)
VALUES ( 'PABLO HERNANDEZ GARCIA','80546823',5717238432,3113124562,'Cll 29 No.4-34','10/12/1987','Humana vivir');

INSERT INTO PACIENTES (nombre,cedula,telefono,celular,direccion,fecha_nacimiento,EPS)
VALUES ( 'NATALIA RODRIGUEZ LOPEZ','90126881',5712138432,3123124562,'Cr 2 No.4-44','08/09/1990','Saludcoop');

INSERT INTO PACIENTES (nombre,cedula,telefono,celular,direccion,fecha_nacimiento,EPS)
VALUES ( 'JORGE MENDOZA RUIZ','78346881',5713298432,3014564562,'Cll 108 No.23-04','10/09/1983','Coomeva');

INSERT INTO PACIENTES (nombre,cedula,telefono,celular,direccion,fecha_nacimiento,EPS)
VALUES ( 'JUAN RUBIO LARA','89345382',5712398432,3119844562,'Cr 97 No.44-50','09/09/1997','Compensar EPS');

INSERT INTO PACIENTES (nombre,cedula,telefono,celular,direccion,fecha_nacimiento,EPS)
VALUES ( 'CLAUDIA BENITEZ PENUELA','89234567',5712133209,3020124562,'Cll 26 No.32-34','01/12/1999','Famisanar Ltda.');

INSERT INTO PACIENTES (nombre,cedula,telefono,celular,direccion,fecha_nacimiento,EPS)
VALUES ( 'PEDRO MUNOS CHAVEZ','21903459',5713120432,3129832562,'Cr 35 No.49-9','10/07/1992','Colmedica');

INSERT INTO PACIENTES (nombre,cedula,telefono,celular,direccion,fecha_nacimiento,EPS)
VALUES ( 'LAURA TOVAR HERNANDEZ','24893578',5712392432,3123914562,'Cll 40 No.9-44','09/04/1994','Humana vivir');

INSERT INTO PACIENTES (nombre,cedula,telefono,celular,direccion,fecha_nacimiento,EPS)
VALUES ( 'LUCIA MORENO ALVAREZ','28394854',5712134782,3018354562,'Cr 90 No.45-28','11/04/1997','Sanitas');

INSERT INTO PACIENTES (nombre,cedula,telefono,celular,direccion,fecha_nacimiento,EPS)
VALUES ( 'DANIEL PARRA PEREZ','43894573',5713485432,3014524562,'Cll 25 No.45-4','12/02/1992','Cafesalud');

INSERT INTO PACIENTES (nombre,cedula,telefono,celular,direccion,fecha_nacimiento,EPS)
VALUES ( 'LAURA REYES OTALORA','28392311',5719876782,3118944562,'Cr 90 No.45-28','01/11/1993','Caprecom');

INSERT INTO PACIENTES (nombre,cedula,telefono,celular,direccion,fecha_nacimiento,EPS)
VALUES ( 'LAURA PAEZ RODRIGUEZ','89742311',5719873212,3118941062,'Cr 100 No.45-28','11/12/1994','Cafesalud');

--Paula
insert into PACIENTES (nombre,cedula,direccion,telefono,celular,fecha_nacimiento,EPS) 
values('jaime martinez','20566624','calle 8  20-34',5715667422,3125596131,'03/12/78','Compensar EPS');	
insert into PACIENTES (nombre,cedula,direccion,telefono,celular,fecha_nacimiento,EPS) 
values('camila andrea paez perez ','20224122','calle 10  15-23',5715852522,3108277887,'04/01/87','Famisanar LTDA');
insert into PACIENTES (nombre,cedula,direccion,telefono,celular,fecha_nacimiento,EPS) 
values('juana lucia peña marin','1016090566','calle 112 18-43',5717898789,3118292387,'08/11/89','Coomeva');
insert into PACIENTES (nombre,cedula,direccion,telefono,celular,fecha_nacimiento,EPS) 
values('catalina caicedo peña','1016725345','calle 164 54c-35',5716879174,3108293287,'08/08/90','Compensar EPS');
insert into PACIENTES (nombre,cedula,direccion,telefono,celular,fecha_nacimiento,EPS) 
values('elvia prado melo','20300112','cra 117 37-45',5716678117,3108007788,'10/11/69','Famisanar LTDA');
insert into PACIENTES (nombre,cedula,direccion,telefono,celular,fecha_nacimiento,EPS) 
values('andres felipe Zamora contreras','1030564576','cra 95 78-67',5716879234,3105577780,'06/06/86','Coomeva');
insert into PACIENTES (nombre,cedula,direccion,telefono,celular,fecha_nacimiento,EPS) 
values('juliana garcia diaz ','20556778','cra 15 67-87',5713103145,3009805677,'09/09/75','Cafesalud');
insert into PACIENTES (nombre,cedula,direccion,telefono,celular,fecha_nacimiento,EPS) 
values('carolina pintor paez','10166788','calle 25 5-67',5714614318,3154533662,'11/11/78','Famisanar LTDA');
insert into PACIENTES (nombre,cedula,direccion,telefono,celular,fecha_nacimiento,EPS) 
values('jairo pedraza marin','192022412','cra 16 65-58',5715698762,3014553626,'12/12/58','Compensar EPS');
insert into PACIENTES (nombre,cedula,direccion,telefono,celular,fecha_nacimiento,EPS) 
values(' lucia Zamora Castañeda','1032626424','calle 100 20-20',5714185020,3014614325,'05/05/81','Cafesalud');
insert into PACIENTES (nombre,cedula,direccion,telefono,celular,fecha_nacimiento,EPS) 
values(' sofia vergara  montez','80205030','calle 1  2-3',5714205678,3155641399,'07/07/89','Famisanar LTDA');
insert into PACIENTES (nombre,cedula,direccion,telefono,celular,fecha_nacimiento,EPS) 
values(' ingrid bustamante  lopez','37890673','calle 18 36-28',5718292436,3120941377,'10/10/70','Compensar EPS');
insert into PACIENTES (nombre,cedula,direccion,telefono,celular,fecha_nacimiento,EPS) 
values(' jairo gomez  perez','62483749','cra 8  10-4',5714135263,3008765994,'09/09/86','Cafesalud');
insert into PACIENTES (nombre,cedula,direccion,telefono,celular,fecha_nacimiento,EPS) 
values(' camilo perez  gomez','120883422','calle 11  35-23',5712506785,3012754334,'01/01/92','Coomeva');
insert into PACIENTES (nombre,cedula,direccion,telefono,celular,fecha_nacimiento,EPS) 
values(' juliana perea rodriguez','1016053566','calle 12 8-43',5714822372,3113555566,'02/02/88','Famisanar LTDA');
insert into PACIENTES (nombre,cedula,direccion,telefono,celular,fecha_nacimiento,EPS) 
values(' lina castaño leon','10163725345','calle 64  5c-34',5712379174,3009877899,'03/03/85','Compensar EPS');
insert into PACIENTES (nombre,cedula,direccion,telefono,celular,fecha_nacimiento,EPS) 
values(' fernando martinez morales','22734654','calle 7  50-4',5715434222,3016755676,'04/04/84','Famisanar LTDA');
insert into PACIENTES (nombre,cedula,direccion,telefono,celular,fecha_nacimiento,EPS) 
values(' angie moralez millan','20342222','calle 19  15-2',5716752522,3102344322,'05/05/83','Coomeva');
insert into PACIENTES (nombre,cedula,direccion,telefono,celular,fecha_nacimiento,EPS) 
values('Andrea celi castaño ','101645673','calle 12 1-43',5716742372,3114566544,'06/06/82','Cafesalud');
insert into PACIENTES (nombre,cedula,direccion,telefono,celular,fecha_nacimiento,EPS) 
values('mary santamaria lozano','10325465745','calle 64  4c-34',5718791374,3157896533,'08/08/81','Famisanar LTDA');

--Citas Medicas

--Datos de Pueba---

--Un médico con número del documento de identificación 01234567890 y otro con 1234567890
INSERT INTO MEDICOS (nombre,cedula,sueldo,direccion,telefono,celular,fecha_nacimiento,fecha_grado,fecha_ingreso,especialidad)
VALUES ('GUSTAVO ENRIQUE PEREZ PEÑA','01234567890',1320000,'Cr 12 No. 123 - 54',5716537462,3002113456,'23/02/1945','11/12/2000','11/12/2003','Ginecología');

INSERT INTO MEDICOS (nombre,cedula,sueldo,direccion,telefono,celular,fecha_nacimiento,fecha_grado,fecha_ingreso,especialidad)
VALUES ('SIMON PERILLA MESA','1234567890',1320000,'Cr 12 No. 123 - 54',5716537462,3002113456,'23/02/1945','11/12/2000','11/12/2003','Ginecología');

--Un médico con número de teléfono fijo 5681234567 (Viola condicion de pais -Colombia-)
INSERT INTO MEDICOS (nombre,cedula,sueldo,direccion,telefono,celular,fecha_nacimiento,fecha_grado,fecha_ingreso,especialidad)
VALUES ('CHRISTIAN PONCET SUAREZ','1234561220',1320000,'Cr 12 No. 123 - 54',5681234567,3002113456,'23/02/1945','11/12/2000','11/12/2003','Ginecología');

--Un médico con número de celular 3131234567
INSERT INTO MEDICOS (nombre,cedula,sueldo,direccion,telefono,celular,fecha_nacimiento,fecha_grado,fecha_ingreso,especialidad)
VALUES ('JOSÉ ALEJANDRO PRIETO GAMBOA','111567890',1320000,'Cr 12 No. 123 - 54',5781234567,3131234567,'23/02/1945','11/12/2000','11/12/2003','Ginecología');

--Dos médicos con igual número del documento de identificación.
INSERT INTO MEDICOS (nombre,cedula,sueldo,direccion,telefono,celular,fecha_nacimiento,fecha_grado,fecha_ingreso,especialidad)
VALUES ('ALEJANDRO QUIROGA ORTIZ','01234567891',1320000,'Cr 12 No. 123 - 54',5716537462,3002113456,'23/02/1945','11/12/2000','11/12/2003','Ginecología');
INSERT INTO MEDICOS (nombre,cedula,sueldo,direccion,telefono,celular,fecha_nacimiento,fecha_grado,fecha_ingreso,especialidad)
VALUES ('ALFREDO CARLOS PARRA','01234567891',1320000,'Cr 12 No. 123 - 54',5716537462,3002113456,'23/02/1945','11/12/2000','11/12/2003','Ginecología');

--Un médico con fecha de nacimiento de ayer.
INSERT INTO MEDICOS (nombre,cedula,sueldo,direccion,telefono,celular,fecha_nacimiento,fecha_grado,fecha_ingreso,especialidad)
VALUES ('ESTEBAN RAMIREZ LONDONO','7774567890',1320000,'Cr 12 No. 123 - 54',5716537462,3002113456,'30/04/2013','11/12/2000','11/12/2003','Ginecología');

--Un médico con fecha de ingreso a la clínica del año 2014.
INSERT INTO MEDICOS (nombre,cedula,sueldo,direccion,telefono,celular,fecha_nacimiento,fecha_grado,fecha_ingreso,especialidad)
VALUES ('DAVID SANTIAGO RAMIREZ','9984567890',1320000,'Cr 12 No. 123 - 54',5716537462,3002113456,'23/02/1945','11/12/2000','11/12/2014','Ginecología');

--Un médico con fecha de grado de mañana.
INSERT INTO MEDICOS (nombre,cedula,sueldo,direccion,telefono,celular,fecha_nacimiento,fecha_grado,fecha_ingreso,especialidad)
VALUES ('PAULA ALEJANDRA RAMIREZ','765467890',1320000,'Cr 12 No. 123 - 54',5716537462,3002113456,'23/02/1945','02/05/2013','11/12/2003','Ginecología');

--Un médico con fecha de ingreso anterior a la fecha de grado.
INSERT INTO MEDICOS (nombre,cedula,sueldo,direccion,telefono,celular,fecha_nacimiento,fecha_grado,fecha_ingreso,especialidad)
VALUES ('CARLOS FELIPE RINCON','887567890',1320000,'Cr 12 No. 123 - 54',5716537462,3002113456,'23/02/1945','11/12/2002','11/12/2001','Ginecología');

--Un médico con especialidad: Cirugía
INSERT INTO MEDICOS (nombre,cedula,sueldo,direccion,telefono,celular,fecha_nacimiento,fecha_grado,fecha_ingreso,especialidad)
VALUES ('AQUILES TORRES PARDO','55567890',1320000,'Cr 12 No. 123 - 54',5716537462,3002113456,'23/02/1945','11/12/2000','11/12/2003','Cirugia');

--Un médico con datos faltantes
INSERT INTO MEDICOS (sueldo,direccion,telefono,celular,fecha_nacimiento,fecha_grado,fecha_ingreso,especialidad)
VALUES (1320000,'Cr 12 No. 123 - 54',5716537462,3002113456,'23/02/1945','11/12/2000','11/12/2003','Cirugia');

--Un PACIENTES con número del documento de identificación 01234567890 y otro con 1234567890
INSERT INTO PACIENTES (cedula,nombre,telefono,celular,direccion,fecha_nacimiento,EPS)
VALUES ('01234567890', 'GLADYS ESTELLA OSPINA',5717452365,3108765445,'Cr 63 No.46-64','10/11/1977','Cruz Blanca');

INSERT INTO PACIENTES (cedula,nombre,telefono,celular,direccion,fecha_nacimiento,EPS)
VALUES ('1234567890', 'PAOLA ESTELLA OSPINA',5717452365,3108765445,'Cr 63 No.46-64','10/11/1977','Cruz Blanca');
--Un PACIENTES con número de teléfono fijo 5681234567
INSERT INTO PACIENTES (cedula,nombre,telefono,celular,direccion,fecha_nacimiento,EPS)
VALUES ('1234567', 'MARCELA ESTELLA OSPINA',5681234567,3108765445,'Cr 63 No.46-64','10/11/1977','Cruz Blanca');

--Un PACIENTES con número de celular 3131234567
INSERT INTO PACIENTES (cedula,nombre,telefono,celular,direccion,fecha_nacimiento,EPS)
VALUES ('1234567', 'MIRIAM ESTELLA OSPINA',5781234567,3131234567,'Cr 63 No.46-64','10/11/1977','Cruz Blanca');

--Dos PACIENTESs con igual número del documento de identificación.
INSERT INTO PACIENTES (cedula,nombre,telefono,celular,direccion,fecha_nacimiento,EPS)
VALUES ('331234567', 'JUANA ESTELLA OSPINA',5781234567,3101234567,'Cr 63 No.46-64','10/11/1977','Cruz Blanca');
INSERT INTO PACIENTES (cedula,nombre,telefono,celular,direccion,fecha_nacimiento,EPS)
VALUES ('331234567', 'JUANA ESTELLA OSPINA',5781234567,3101234567,'Cr 63 No.46-64','10/11/1977','Cruz Blanca');
--Un PACIENTES con fecha de nacimiento de la semana entrante.
INSERT INTO PACIENTES (cedula,nombre,telefono,celular,direccion,fecha_nacimiento,EPS)
VALUES ('341234567', 'MIRIAM ESTELLA OSPINA',5781234567,3111234567,'Cr 63 No.46-64','07/05/2013','Cruz Blanca');
--Un PACIENTES con fecha de nacimiento de ayer.
INSERT INTO PACIENTES (cedula,nombre,telefono,celular,direccion,fecha_nacimiento,EPS)
VALUES ('351234567', 'MIRIAM ESTELLA OSPINA',5781234567,3101234567,'Cr 63 No.46-64','01/05/2013','Cruz Blanca');
--Un PACIENTES con fecha de nacimiento de mañana.
INSERT INTO PACIENTES (cedula,nombre,telefono,celular,direccion,fecha_nacimiento,EPS)
VALUES ('361234567', 'MIRIAM ESTELLA OSPINA',5781234567,3111234567,'Cr 63 No.46-64','03/05/2013','Cruz Blanca');
--Un PACIENTES con fecha de nacimiento de hoy.
INSERT INTO PACIENTES (cedula,nombre,telefono,celular,direccion,fecha_nacimiento,EPS)
VALUES ('371234567', 'MIRIAM ESTELLA OSPINA',5781234567,3121234567,'Cr 63 No.46-64','02/05/2013','Cruz Blanca');

--Un PACIENTES con datos faltantes
INSERT INTO PACIENTES (telefono,celular,direccion,fecha_nacimiento,EPS)
VALUES (5781234567,3131234567,'Cr 63 No.46-64','07/05/2013','Cruz Blanca');
--Cita de un PACIENTES y médico que correspondan a la misma persona.

--Cita de un PACIENTES médico, atendido por otro médico.

--Cita con un médico no contratado

--Cita con un PACIENTES no registrado

--Un PACIENTES con dos citas el mismo día y hora en diferente consultorio

--Un médico ginecólogo programado en un consultorio para pediatría

--Un médico atendiendo a 4 PACIENTESs en un día

--Programar a un médico en un día en consultorios diferentes

--Programar a un médico una cita a primera hora en la mañana y otra al finalizar la tarde

--Programar a un médico una cita a la misma hora en consultorios diferentes

--Programar una cita en un consultorio que no esté en la planta física disponible

--Programar a dos PACIENTESs a la misma fecha, hora y consultorio”


